G0600590,California,Orange,Orange County
G0600110,California,Colusa,Colusa County
G0600250,California,Imperial,Imperial County
G0600510,California,Mono,Mono County
G0600610,California,Placer,Placer County
G0600050,California,Amador,Amador County
G0600090,California,Calaveras,Calaveras County
G0601030,California,Tehama,Tehama County
G0600830,California,Santa Barbara,Santa Barbara County
G0600530,California,Monterey,Monterey County
G0600930,California,Siskiyou,Siskiyou County
G0600850,California,Santa Clara,Santa Clara County
G0600970,California,Sonoma,Sonoma County
G0600290,California,Kern,Kern County
G0601130,California,Yolo,Yolo County
G0601150,California,Yuba,Yuba County
G0601070,California,Tulare,Tulare County
G0600670,California,Sacramento,Sacramento County
G0600450,California,Mendocino,Mendocino County
G0600390,California,Madera,Madera County
G0600630,California,Plumas,Plumas County
G0600990,California,Stanislaus,Stanislaus County
G0600730,California,San Diego,San Diego County
G0600690,California,San Benito,San Benito County
G0600890,California,Shasta,Shasta County
G0600030,California,Alpine,Alpine County
G0600350,California,Lassen,Lassen County
G0600430,California,Mariposa,Mariposa County
G0600150,California,Del Norte,Del Norte County
G0600210,California,Glenn,Glenn County
G0600410,California,Marin,Marin County
G0600190,California,Fresno,Fresno County
G0600550,California,Napa,Napa County
G0600810,California,San Mateo,San Mateo County
G0600570,California,Nevada,Nevada County
G0600710,California,San Bernardino,San Bernardino County
G0600770,California,San Joaquin,San Joaquin County
G0600790,California,San Luis Obispo,San Luis Obispo County
G0601010,California,Sutter,Sutter County
G0600650,California,Riverside,Riverside County
G0600130,California,Contra Costa,Contra Costa County
G0601050,California,Trinity,Trinity County
G0601110,California,Ventura,Ventura County
G0600070,California,Butte,Butte County
G0600910,California,Sierra,Sierra County
G0600490,California,Modoc,Modoc County
G0600330,California,Lake,Lake County
G0601090,California,Tuolumne,Tuolumne County
G0600010,California,Alameda,Alameda County
G0600170,California,El Dorado,El Dorado County
G0600370,California,Los Angeles,Los Angeles County
G0600750,California,San Francisco,San Francisco County
G0600310,California,Kings,Kings County
G0600870,California,Santa Cruz,Santa Cruz County
G0600470,California,Merced,Merced County
G0600950,California,Solano,Solano County
G0600270,California,Inyo,Inyo County
G0600230,California,Humboldt,Humboldt County
G5300770,Washington,Yakima,Yakima County
G5300430,Washington,Lincoln,Lincoln County
G5300350,Washington,Kitsap,Kitsap County
G5300070,Washington,Chelan,Chelan County
G5300510,Washington,Pend Oreille,Pend Oreille County
G5300030,Washington,Asotin,Asotin County
G5300190,Washington,Ferry,Ferry County
G5300110,Washington,Clark,Clark County
G5300210,Washington,Franklin,Franklin County
G5300390,Washington,Klickitat,Klickitat County
G5300450,Washington,Mason,Mason County
G5300090,Washington,Clallam,Clallam County
G5300370,Washington,Kittitas,Kittitas County
G5300570,Washington,Skagit,Skagit County
G5300150,Washington,Cowlitz,Cowlitz County
G5300050,Washington,Benton,Benton County
G5300410,Washington,Lewis,Lewis County
G5300170,Washington,Douglas,Douglas County
G5300750,Washington,Whitman,Whitman County
G5300730,Washington,Whatcom,Whatcom County
G5300670,Washington,Thurston,Thurston County
G5300490,Washington,Pacific,Pacific County
G5300310,Washington,Jefferson,Jefferson County
G5300650,Washington,Stevens,Stevens County
G5300330,Washington,King,King County
G5300230,Washington,Garfield,Garfield County
G5300010,Washington,Adams,Adams County
G5300710,Washington,Walla Walla,Walla Walla County
G5300610,Washington,Snohomish,Snohomish County
G5300590,Washington,Skamania,Skamania County
G5300130,Washington,Columbia,Columbia County
G5300550,Washington,San Juan,San Juan County
G5300630,Washington,Spokane,Spokane County
G5300250,Washington,Grant,Grant County
G5300690,Washington,Wahkiakum,Wahkiakum County
G5300290,Washington,Island,Island County
G5300270,Washington,Grays Harbor,Grays Harbor County
G5300470,Washington,Okanogan,Okanogan County
G5300530,Washington,Pierce,Pierce County
G1200110,Florida,Broward,Broward County
G1200630,Florida,Jackson,Jackson County
G1200370,Florida,Franklin,Franklin County
G1200470,Florida,Hamilton,Hamilton County
G1200170,Florida,Citrus,Citrus County
G1200930,Florida,Okeechobee,Okeechobee County
G1200310,Florida,Duval,Duval County
G1200650,Florida,Jefferson,Jefferson County
G1200690,Florida,Lake,Lake County
G1200810,Florida,Manatee,Manatee County
G1200290,Florida,Dixie,Dixie County
G1200090,Florida,Brevard,Brevard County
G1200710,Florida,Lee,Lee County
G1200330,Florida,Escambia,Escambia County
G1200870,Florida,Monroe,Monroe County
G1200670,Florida,Lafayette,Lafayette County
G1200130,Florida,Calhoun,Calhoun County
G1200450,Florida,Gulf,Gulf County
G1200230,Florida,Columbia,Columbia County
G1201290,Florida,Wakulla,Wakulla County
G1201170,Florida,Seminole,Seminole County
G1200850,Florida,Martin,Martin County
G1200030,Florida,Baker,Baker County
G1200830,Florida,Marion,Marion County
G1201090,Florida,St. Johns,St. Johns County
G1200730,Florida,Leon,Leon County
G1201030,Florida,Pinellas,Pinellas County
G1200570,Florida,Hillsborough,Hillsborough County
G1201010,Florida,Pasco,Pasco County
G1200070,Florida,Bradford,Bradford County
G1200190,Florida,Clay,Clay County
G1201210,Florida,Suwannee,Suwannee County
G1200860,Florida,Miami-Dade,Miami-Dade County
G1200510,Florida,Hendry,Hendry County
G1200390,Florida,Gadsden,Gadsden County
G1200550,Florida,Highlands,Highlands County
G1200430,Florida,Glades,Glades County
G1201230,Florida,Taylor,Taylor County
G1200270,Florida,DeSoto,DeSoto County
G1201150,Florida,Sarasota,Sarasota County
G1201250,Florida,Union,Union County
G1201310,Florida,Walton,Walton County
G1200590,Florida,Holmes,Holmes County
G1200970,Florida,Osceola,Osceola County
G1200410,Florida,Gilchrist,Gilchrist County
G1200530,Florida,Hernando,Hernando County
G1200010,Florida,Alachua,Alachua County
G1200150,Florida,Charlotte,Charlotte County
G1200350,Florida,Flagler,Flagler County
G1200790,Florida,Madison,Madison County
G1201050,Florida,Polk,Polk County
G1200610,Florida,Indian River,Indian River County
G1200990,Florida,Palm Beach,Palm Beach County
G1200050,Florida,Bay,Bay County
G1200950,Florida,Orange,Orange County
G1201070,Florida,Putnam,Putnam County
G1200750,Florida,Levy,Levy County
G1201110,Florida,St. Lucie,St. Lucie County
G1201190,Florida,Sumter,Sumter County
G1200910,Florida,Okaloosa,Okaloosa County
G1200490,Florida,Hardee,Hardee County
G1200770,Florida,Liberty,Liberty County
G1201330,Florida,Washington,Washington County
G1201130,Florida,Santa Rosa,Santa Rosa County
G1200890,Florida,Nassau,Nassau County
G1201270,Florida,Volusia,Volusia County
G1200210,Florida,Collier,Collier County
G1301730,Georgia,Lanier,Lanier County
G1300010,Georgia,Appling,Appling County
G1300230,Georgia,Bleckley,Bleckley County
G1302530,Georgia,Seminole,Seminole County
G1302410,Georgia,Rabun,Rabun County
G1301130,Georgia,Fayette,Fayette County
G1302330,Georgia,Polk,Polk County
G1301630,Georgia,Jefferson,Jefferson County
G1302490,Georgia,Schley,Schley County
G1300290,Georgia,Bryan,Bryan County
G1302110,Georgia,Morgan,Morgan County
G1302630,Georgia,Talbot,Talbot County
G1300590,Georgia,Clarke,Clarke County
G1301690,Georgia,Jones,Jones County
G1303150,Georgia,Wilcox,Wilcox County
G1300450,Georgia,Carroll,Carroll County
G1300830,Georgia,Dade,Dade County
G1302990,Georgia,Ware,Ware County
G1302910,Georgia,Union,Union County
G1302470,Georgia,Rockdale,Rockdale County
G1302130,Georgia,Murray,Murray County
G1300390,Georgia,Camden,Camden County
G1301270,Georgia,Glynn,Glynn County
G1300670,Georgia,Cobb,Cobb County
G1300730,Georgia,Columbia,Columbia County
G1302950,Georgia,Walker,Walker County
G1301170,Georgia,Forsyth,Forsyth County
G1301230,Georgia,Gilmer,Gilmer County
G1303010,Georgia,Warren,Warren County
G1300090,Georgia,Baldwin,Baldwin County
G1300630,Georgia,Clayton,Clayton County
G1301070,Georgia,Emanuel,Emanuel County
G1301090,Georgia,Evans,Evans County
G1302390,Georgia,Quitman,Quitman County
G1302250,Georgia,Peach,Peach County
G1301050,Georgia,Elbert,Elbert County
G1301010,Georgia,Echols,Echols County
G1301550,Georgia,Irwin,Irwin County
G1300250,Georgia,Brantley,Brantley County
G1300510,Georgia,Chatham,Chatham County
G1301510,Georgia,Henry,Henry County
G1300330,Georgia,Burke,Burke County
G1302790,Georgia,Toombs,Toombs County
G1302070,Georgia,Monroe,Monroe County
G1301950,Georgia,Madison,Madison County
G1300650,Georgia,Clinch,Clinch County
G1301670,Georgia,Johnson,Johnson County
G1302190,Georgia,Oconee,Oconee County
G1300990,Georgia,Early,Early County
G1300190,Georgia,Berrien,Berrien County
G1301710,Georgia,Lamar,Lamar County
G1300750,Georgia,Cook,Cook County
G1301430,Georgia,Haralson,Haralson County
G1300850,Georgia,Dawson,Dawson County
G1300930,Georgia,Dooly,Dooly County
G1302690,Georgia,Taylor,Taylor County
G1302290,Georgia,Pierce,Pierce County
G1301790,Georgia,Liberty,Liberty County
G1301250,Georgia,Glascock,Glascock County
G1300150,Georgia,Bartow,Bartow County
G1301770,Georgia,Lee,Lee County
G1300490,Georgia,Charlton,Charlton County
G1300690,Georgia,Coffee,Coffee County
G1303170,Georgia,Wilkes,Wilkes County
G1302010,Georgia,Miller,Miller County
G1302450,Georgia,Richmond,Richmond County
G1302890,Georgia,Twiggs,Twiggs County
G1303110,Georgia,White,White County
G1301990,Georgia,Meriwether,Meriwether County
G1302170,Georgia,Newton,Newton County
G1302050,Georgia,Mitchell,Mitchell County
G1301350,Georgia,Gwinnett,Gwinnett County
G1302430,Georgia,Randolph,Randolph County
G1302610,Georgia,Sumter,Sumter County
G1301330,Georgia,Greene,Greene County
G1301190,Georgia,Franklin,Franklin County
G1302350,Georgia,Pulaski,Pulaski County
G1300550,Georgia,Chattooga,Chattooga County
G1300270,Georgia,Brooks,Brooks County
G1300050,Georgia,Bacon,Bacon County
G1302870,Georgia,Turner,Turner County
G1300030,Georgia,Atkinson,Atkinson County
G1302810,Georgia,Towns,Towns County
G1302850,Georgia,Troup,Troup County
G1301750,Georgia,Laurens,Laurens County
G1302750,Georgia,Thomas,Thomas County
G1301110,Georgia,Fannin,Fannin County
G1300430,Georgia,Candler,Candler County
G1301850,Georgia,Lowndes,Lowndes County
G1300370,Georgia,Calhoun,Calhoun County
G1302270,Georgia,Pickens,Pickens County
G1303070,Georgia,Webster,Webster County
G1300810,Georgia,Crisp,Crisp County
G1300070,Georgia,Baker,Baker County
G1301810,Georgia,Lincoln,Lincoln County
G1302510,Georgia,Screven,Screven County
G1301210,Georgia,Fulton,Fulton County
G1301530,Georgia,Houston,Houston County
G1301390,Georgia,Hall,Hall County
G1303050,Georgia,Wayne,Wayne County
G1302710,Georgia,Telfair,Telfair County
G1301030,Georgia,Effingham,Effingham County
G1302210,Georgia,Oglethorpe,Oglethorpe County
G1300210,Georgia,Bibb,Bibb County
G1302550,Georgia,Spalding,Spalding County
G1300910,Georgia,Dodge,Dodge County
G1303030,Georgia,Washington,Washington County
G1302650,Georgia,Taliaferro,Taliaferro County
G1300870,Georgia,Decatur,Decatur County
G1300470,Georgia,Catoosa,Catoosa County
G1301870,Georgia,Lumpkin,Lumpkin County
G1300310,Georgia,Bulloch,Bulloch County
G1301650,Georgia,Jenkins,Jenkins County
G1301410,Georgia,Hancock,Hancock County
G1300950,Georgia,Dougherty,Dougherty County
G1302930,Georgia,Upson,Upson County
G1302150,Georgia,Muscogee,Muscogee County
G1300610,Georgia,Clay,Clay County
G1301970,Georgia,Marion,Marion County
G1300970,Georgia,Douglas,Douglas County
G1300770,Georgia,Coweta,Coweta County
G1301490,Georgia,Heard,Heard County
G1302590,Georgia,Stewart,Stewart County
G1303190,Georgia,Wilkinson,Wilkinson County
G1303090,Georgia,Wheeler,Wheeler County
G1303210,Georgia,Worth,Worth County
G1300350,Georgia,Butts,Butts County
G1301930,Georgia,Macon,Macon County
G1301590,Georgia,Jasper,Jasper County
G1301450,Georgia,Harris,Harris County
G1301910,Georgia,McIntosh,McIntosh County
G1302770,Georgia,Tift,Tift County
G1301610,Georgia,Jeff Davis,Jeff Davis County
G1302570,Georgia,Stephens,Stephens County
G1300710,Georgia,Colquitt,Colquitt County
G1302830,Georgia,Treutlen,Treutlen County
G1301890,Georgia,McDuffie,McDuffie County
G1300890,Georgia,DeKalb,DeKalb County
G1301150,Georgia,Floyd,Floyd County
G1302370,Georgia,Putnam,Putnam County
G1302730,Georgia,Terrell,Terrell County
G1302670,Georgia,Tattnall,Tattnall County
G1301830,Georgia,Long,Long County
G1300790,Georgia,Crawford,Crawford County
G1300570,Georgia,Cherokee,Cherokee County
G1301470,Georgia,Hart,Hart County
G1300530,Georgia,Chattahoochee,Chattahoochee County
G1302090,Georgia,Montgomery,Montgomery County
G1302970,Georgia,Walton,Walton County
G1302310,Georgia,Pike,Pike County
G1300130,Georgia,Barrow,Barrow County
G1302230,Georgia,Paulding,Paulding County
G1301310,Georgia,Grady,Grady County
G1300110,Georgia,Banks,Banks County
G1300170,Georgia,Ben Hill,Ben Hill County
G1301290,Georgia,Gordon,Gordon County
G1301570,Georgia,Jackson,Jackson County
G1301370,Georgia,Habersham,Habersham County
G1303130,Georgia,Whitfield,Whitfield County
G2601230,Michigan,Newaygo,Newaygo County
G2600250,Michigan,Calhoun,Calhoun County
G2601110,Michigan,Midland,Midland County
G2601570,Michigan,Tuscola,Tuscola County
G2600190,Michigan,Benzie,Benzie County
G2601410,Michigan,Presque Isle,Presque Isle County
G2600450,Michigan,Eaton,Eaton County
G2600690,Michigan,Iosco,Iosco County
G2600010,Michigan,Alcona,Alcona County
G2600530,Michigan,Gogebic,Gogebic County
G2601370,Michigan,Otsego,Otsego County
G2600810,Michigan,Kent,Kent County
G2600510,Michigan,Gladwin,Gladwin County
G2600110,Michigan,Arenac,Arenac County
G2600270,Michigan,Cass,Cass County
G2600230,Michigan,Branch,Branch County
G2601530,Michigan,Schoolcraft,Schoolcraft County
G2600710,Michigan,Iron,Iron County
G2600630,Michigan,Huron,Huron County
G2601550,Michigan,Shiawassee,Shiawassee County
G2600050,Michigan,Allegan,Allegan County
G2601590,Michigan,Van Buren,Van Buren County
G2600990,Michigan,Macomb,Macomb County
G2601310,Michigan,Ontonagon,Ontonagon County
G2600850,Michigan,Lake,Lake County
G2601130,Michigan,Missaukee,Missaukee County
G2601030,Michigan,Marquette,Marquette County
G2600730,Michigan,Isabella,Isabella County
G2600030,Michigan,Alger,Alger County
G2600090,Michigan,Antrim,Antrim County
G2601430,Michigan,Roscommon,Roscommon County
G2600950,Michigan,Luce,Luce County
G2600750,Michigan,Jackson,Jackson County
G2601470,Michigan,St. Clair,St. Clair County
G2600470,Michigan,Emmet,Emmet County
G2601490,Michigan,St. Joseph,St. Joseph County
G2600610,Michigan,Houghton,Houghton County
G2601390,Michigan,Ottawa,Ottawa County
G2600910,Michigan,Lenawee,Lenawee County
G2600310,Michigan,Cheboygan,Cheboygan County
G2601090,Michigan,Menominee,Menominee County
G2600430,Michigan,Dickinson,Dickinson County
G2601290,Michigan,Ogemaw,Ogemaw County
G2600490,Michigan,Genesee,Genesee County
G2601650,Michigan,Wexford,Wexford County
G2600070,Michigan,Alpena,Alpena County
G2600370,Michigan,Clinton,Clinton County
G2600150,Michigan,Barry,Barry County
G2601190,Michigan,Montmorency,Montmorency County
G2601070,Michigan,Mecosta,Mecosta County
G2601150,Michigan,Monroe,Monroe County
G2600330,Michigan,Chippewa,Chippewa County
G2600130,Michigan,Baraga,Baraga County
G2600550,Michigan,Grand Traverse,Grand Traverse County
G2600410,Michigan,Delta,Delta County
G2600170,Michigan,Bay,Bay County
G2601270,Michigan,Oceana,Oceana County
G2601510,Michigan,Sanilac,Sanilac County
G2600670,Michigan,Ionia,Ionia County
G2600930,Michigan,Livingston,Livingston County
G2600830,Michigan,Keweenaw,Keweenaw County
G2601630,Michigan,Wayne,Wayne County
G2600210,Michigan,Berrien,Berrien County
G2600890,Michigan,Leelanau,Leelanau County
G2600870,Michigan,Lapeer,Lapeer County
G2600650,Michigan,Ingham,Ingham County
G2600390,Michigan,Crawford,Crawford County
G2600770,Michigan,Kalamazoo,Kalamazoo County
G2600970,Michigan,Mackinac,Mackinac County
G2601250,Michigan,Oakland,Oakland County
G2600590,Michigan,Hillsdale,Hillsdale County
G2600570,Michigan,Gratiot,Gratiot County
G2601210,Michigan,Muskegon,Muskegon County
G2601330,Michigan,Osceola,Osceola County
G2601450,Michigan,Saginaw,Saginaw County
G2601350,Michigan,Oscoda,Oscoda County
G2601170,Michigan,Montcalm,Montcalm County
G2600350,Michigan,Clare,Clare County
G2601050,Michigan,Mason,Mason County
G2600790,Michigan,Kalkaska,Kalkaska County
G2601610,Michigan,Washtenaw,Washtenaw County
G2601010,Michigan,Manistee,Manistee County
G2600290,Michigan,Charlevoix,Charlevoix County
G4200210,Pennsylvania,Cambria,Cambria County
G4200010,Pennsylvania,Adams,Adams County
G4200030,Pennsylvania,Allegheny,Allegheny County
G4200610,Pennsylvania,Huntingdon,Huntingdon County
G4200390,Pennsylvania,Crawford,Crawford County
G4200450,Pennsylvania,Delaware,Delaware County
G4200350,Pennsylvania,Clinton,Clinton County
G4200730,Pennsylvania,Lawrence,Lawrence County
G4200930,Pennsylvania,Montour,Montour County
G4201170,Pennsylvania,Tioga,Tioga County
G4201310,Pennsylvania,Wyoming,Wyoming County
G4200090,Pennsylvania,Bedford,Bedford County
G4200890,Pennsylvania,Monroe,Monroe County
G4200830,Pennsylvania,McKean,McKean County
G4200850,Pennsylvania,Mercer,Mercer County
G4201330,Pennsylvania,York,York County
G4200490,Pennsylvania,Erie,Erie County
G4200990,Pennsylvania,Perry,Perry County
G4200510,Pennsylvania,Fayette,Fayette County
G4200330,Pennsylvania,Clearfield,Clearfield County
G4200370,Pennsylvania,Columbia,Columbia County
G4200530,Pennsylvania,Forest,Forest County
G4200590,Pennsylvania,Greene,Greene County
G4200110,Pennsylvania,Berks,Berks County
G4200170,Pennsylvania,Bucks,Bucks County
G4200470,Pennsylvania,Elk,Elk County
G4201070,Pennsylvania,Schuylkill,Schuylkill County
G4200570,Pennsylvania,Fulton,Fulton County
G4200290,Pennsylvania,Chester,Chester County
G4201130,Pennsylvania,Sullivan,Sullivan County
G4201210,Pennsylvania,Venango,Venango County
G4201050,Pennsylvania,Potter,Potter County
G4200150,Pennsylvania,Bradford,Bradford County
G4200810,Pennsylvania,Lycoming,Lycoming County
G4200070,Pennsylvania,Beaver,Beaver County
G4200130,Pennsylvania,Blair,Blair County
G4200770,Pennsylvania,Lehigh,Lehigh County
G4200250,Pennsylvania,Carbon,Carbon County
G4201230,Pennsylvania,Warren,Warren County
G4200750,Pennsylvania,Lebanon,Lebanon County
G4201190,Pennsylvania,Union,Union County
G4200870,Pennsylvania,Mifflin,Mifflin County
G4200230,Pennsylvania,Cameron,Cameron County
G4200690,Pennsylvania,Lackawanna,Lackawanna County
G4200790,Pennsylvania,Luzerne,Luzerne County
G4201010,Pennsylvania,Philadelphia,Philadelphia County
G4200910,Pennsylvania,Montgomery,Montgomery County
G4200970,Pennsylvania,Northumberland,Northumberland County
G4200430,Pennsylvania,Dauphin,Dauphin County
G4201110,Pennsylvania,Somerset,Somerset County
G4201250,Pennsylvania,Washington,Washington County
G4200550,Pennsylvania,Franklin,Franklin County
G4200410,Pennsylvania,Cumberland,Cumberland County
G4200670,Pennsylvania,Juniata,Juniata County
G4201150,Pennsylvania,Susquehanna,Susquehanna County
G4200710,Pennsylvania,Lancaster,Lancaster County
G4201270,Pennsylvania,Wayne,Wayne County
G4200050,Pennsylvania,Armstrong,Armstrong County
G4200270,Pennsylvania,Centre,Centre County
G4201030,Pennsylvania,Pike,Pike County
G4200630,Pennsylvania,Indiana,Indiana County
G4200310,Pennsylvania,Clarion,Clarion County
G4200950,Pennsylvania,Northampton,Northampton County
G4201290,Pennsylvania,Westmoreland,Westmoreland County
G4200190,Pennsylvania,Butler,Butler County
G4201090,Pennsylvania,Snyder,Snyder County
G4200650,Pennsylvania,Jefferson,Jefferson County
G4801130,Texas,Dallas,Dallas County
G4801530,Texas,Floyd,Floyd County
G4802270,Texas,Howard,Howard County
G4800870,Texas,Collingsworth,Collingsworth County
G4801590,Texas,Franklin,Franklin County
G4804510,Texas,Tom Green,Tom Green County
G4802710,Texas,Kinney,Kinney County
G4801550,Texas,Foard,Foard County
G4802310,Texas,Hunt,Hunt County
G4801310,Texas,Duval,Duval County
G4800830,Texas,Coleman,Coleman County
G4804270,Texas,Starr,Starr County
G4802790,Texas,Lamb,Lamb County
G4804830,Texas,Wheeler,Wheeler County
G4803430,Texas,Morris,Morris County
G4801110,Texas,Dallam,Dallam County
G4803250,Texas,Medina,Medina County
G4800590,Texas,Callahan,Callahan County
G4802390,Texas,Jackson,Jackson County
G4800430,Texas,Brewster,Brewster County
G4801650,Texas,Gaines,Gaines County
G4802590,Texas,Kendall,Kendall County
G4800990,Texas,Coryell,Coryell County
G4802090,Texas,Hays,Hays County
G4803310,Texas,Milam,Milam County
G4804230,Texas,Smith,Smith County
G4800390,Texas,Brazoria,Brazoria County
G4802770,Texas,Lamar,Lamar County
G4803510,Texas,Newton,Newton County
G4802890,Texas,Leon,Leon County
G4803470,Texas,Nacogdoches,Nacogdoches County
G4804890,Texas,Willacy,Willacy County
G4803830,Texas,Reagan,Reagan County
G4802510,Texas,Johnson,Johnson County
G4804170,Texas,Shackelford,Shackelford County
G4804150,Texas,Scurry,Scurry County
G4804250,Texas,Somervell,Somervell County
G4804790,Texas,Webb,Webb County
G4804410,Texas,Taylor,Taylor County
G4803590,Texas,Oldham,Oldham County
G4800330,Texas,Borden,Borden County
G4802690,Texas,King,King County
G4804290,Texas,Stephens,Stephens County
G4804710,Texas,Walker,Walker County
G4801170,Texas,Deaf Smith,Deaf Smith County
G4803930,Texas,Roberts,Roberts County
G4800370,Texas,Bowie,Bowie County
G4803670,Texas,Parker,Parker County
G4800490,Texas,Brown,Brown County
G4804650,Texas,Val Verde,Val Verde County
G4804570,Texas,Tyler,Tyler County
G4802010,Texas,Harris,Harris County
G4805050,Texas,Zapata,Zapata County
G4802550,Texas,Karnes,Karnes County
G4802610,Texas,Kenedy,Kenedy County
G4801730,Texas,Glasscock,Glasscock County
G4803630,Texas,Palo Pinto,Palo Pinto County
G4803870,Texas,Red River,Red River County
G4804190,Texas,Shelby,Shelby County
G4804990,Texas,Wood,Wood County
G4804310,Texas,Sterling,Sterling County
G4800530,Texas,Burnet,Burnet County
G4801070,Texas,Crosby,Crosby County
G4803390,Texas,Montgomery,Montgomery County
G4803790,Texas,Rains,Rains County
G4802370,Texas,Jack,Jack County
G4804370,Texas,Swisher,Swisher County
G4803910,Texas,Refugio,Refugio County
G4804050,Texas,San Augustine,San Augustine County
G4800630,Texas,Camp,Camp County
G4800890,Texas,Colorado,Colorado County
G4803610,Texas,Orange,Orange County
G4804950,Texas,Winkler,Winkler County
G4803690,Texas,Parmer,Parmer County
G4801790,Texas,Gray,Gray County
G4804130,Texas,Schleicher,Schleicher County
G4804850,Texas,Wichita,Wichita County
G4801610,Texas,Freestone,Freestone County
G4801970,Texas,Hardeman,Hardeman County
G4800410,Texas,Brazos,Brazos County
G4803710,Texas,Pecos,Pecos County
G4800790,Texas,Cochran,Cochran County
G4803550,Texas,Nueces,Nueces County
G4801710,Texas,Gillespie,Gillespie County
G4804530,Texas,Travis,Travis County
G4805010,Texas,Yoakum,Yoakum County
G4801490,Texas,Fayette,Fayette County
G4804630,Texas,Uvalde,Uvalde County
G4804470,Texas,Throckmorton,Throckmorton County
G4801450,Texas,Falls,Falls County
G4801250,Texas,Dickens,Dickens County
G4801910,Texas,Hall,Hall County
G4801810,Texas,Grayson,Grayson County
G4804670,Texas,Van Zandt,Van Zandt County
G4801390,Texas,Ellis,Ellis County
G4801850,Texas,Grimes,Grimes County
G4802830,Texas,La Salle,La Salle County
G4804550,Texas,Trinity,Trinity County
G4802530,Texas,Jones,Jones County
G4803150,Texas,Marion,Marion County
G4800690,Texas,Castro,Castro County
G4803050,Texas,Lynn,Lynn County
G4803890,Texas,Reeves,Reeves County
G4800450,Texas,Briscoe,Briscoe County
G4804430,Texas,Terrell,Terrell County
G4804690,Texas,Victoria,Victoria County
G4800770,Texas,Clay,Clay County
G4800470,Texas,Brooks,Brooks County
G4802410,Texas,Jasper,Jasper County
G4803990,Texas,Runnels,Runnels County
G4800650,Texas,Carson,Carson County
G4803210,Texas,Matagorda,Matagorda County
G4802730,Texas,Kleberg,Kleberg County
G4802910,Texas,Liberty,Liberty County
G4801890,Texas,Hale,Hale County
G4801690,Texas,Garza,Garza County
G4804610,Texas,Upton,Upton County
G4803370,Texas,Montague,Montague County
G4801930,Texas,Hamilton,Hamilton County
G4801510,Texas,Fisher,Fisher County
G4800290,Texas,Bexar,Bexar County
G4802870,Texas,Lee,Lee County
G4801150,Texas,Dawson,Dawson County
G4801270,Texas,Dimmit,Dimmit County
G4802930,Texas,Limestone,Limestone County
G4802330,Texas,Hutchinson,Hutchinson County
G4802990,Texas,Llano,Llano County
G4801330,Texas,Eastland,Eastland County
G4802850,Texas,Lavaca,Lavaca County
G4804390,Texas,Tarrant,Tarrant County
G4804030,Texas,Sabine,Sabine County
G4800750,Texas,Childress,Childress County
G4804010,Texas,Rusk,Rusk County
G4804810,Texas,Wharton,Wharton County
G4803770,Texas,Presidio,Presidio County
G4802570,Texas,Kaufman,Kaufman County
G4803270,Texas,Menard,Menard County
G4803410,Texas,Moore,Moore County
G4802150,Texas,Hidalgo,Hidalgo County
G4801370,Texas,Edwards,Edwards County
G4804450,Texas,Terry,Terry County
G4800810,Texas,Coke,Coke County
G4801050,Texas,Crockett,Crockett County
G4802250,Texas,Houston,Houston County
G4804090,Texas,San Patricio,San Patricio County
G4804730,Texas,Waller,Waller County
G4803170,Texas,Martin,Martin County
G4802810,Texas,Lampasas,Lampasas County
G4802070,Texas,Haskell,Haskell County
G4804490,Texas,Titus,Titus County
G4804750,Texas,Ward,Ward County
G4800130,Texas,Atascosa,Atascosa County
G4802110,Texas,Hemphill,Hemphill County
G4802050,Texas,Hartley,Hartley County
G4805030,Texas,Young,Young County
G4803110,Texas,McMullen,McMullen County
G4801430,Texas,Erath,Erath County
G4801770,Texas,Gonzales,Gonzales County
G4801990,Texas,Hardin,Hardin County
G4800510,Texas,Burleson,Burleson County
G4803090,Texas,McLennan,McLennan County
G4802230,Texas,Hopkins,Hopkins County
G4803130,Texas,Madison,Madison County
G4801290,Texas,Donley,Donley County
G4802630,Texas,Kent,Kent County
G4803070,Texas,McCulloch,McCulloch County
G4803850,Texas,Real,Real County
G4804350,Texas,Sutton,Sutton County
G4803290,Texas,Midland,Midland County
G4805070,Texas,Zavala,Zavala County
G4800930,Texas,Comanche,Comanche County
G4803350,Texas,Mitchell,Mitchell County
G4801670,Texas,Galveston,Galveston County
G4802030,Texas,Harrison,Harrison County
G4802290,Texas,Hudspeth,Hudspeth County
G4803030,Texas,Lubbock,Lubbock County
G4803490,Texas,Navarro,Navarro County
G4801030,Texas,Crane,Crane County
G4804970,Texas,Wise,Wise County
G4802430,Texas,Jeff Davis,Jeff Davis County
G4801410,Texas,El Paso,El Paso County
G4801830,Texas,Gregg,Gregg County
G4804770,Texas,Washington,Washington County
G4804910,Texas,Williamson,Williamson County
G4802950,Texas,Lipscomb,Lipscomb County
G4803190,Texas,Mason,Mason County
G4801950,Texas,Hansford,Hansford County
G4803750,Texas,Potter,Potter County
G4804330,Texas,Stonewall,Stonewall County
G4801350,Texas,Ector,Ector County
G4802490,Texas,Jim Wells,Jim Wells County
G4800230,Texas,Baylor,Baylor County
G4800850,Texas,Collin,Collin County
G4802170,Texas,Hill,Hill County
G4803230,Texas,Maverick,Maverick County
G4803650,Texas,Panola,Panola County
G4802130,Texas,Henderson,Henderson County
G4800710,Texas,Chambers,Chambers County
G4801190,Texas,Delta,Delta County
G4801870,Texas,Guadalupe,Guadalupe County
G4800610,Texas,Cameron,Cameron County
G4800210,Texas,Bastrop,Bastrop County
G4800030,Texas,Andrews,Andrews County
G4800310,Texas,Blanco,Blanco County
G4800150,Texas,Austin,Austin County
G4801230,Texas,DeWitt,DeWitt County
G4800010,Texas,Anderson,Anderson County
G4800190,Texas,Bandera,Bandera County
G4800270,Texas,Bell,Bell County
G4800090,Texas,Archer,Archer County
G4800110,Texas,Armstrong,Armstrong County
G4800250,Texas,Bee,Bee County
G4800170,Texas,Bailey,Bailey County
G4801630,Texas,Frio,Frio County
G4800050,Texas,Angelina,Angelina County
G4801470,Texas,Fannin,Fannin County
G4802450,Texas,Jefferson,Jefferson County
G4803010,Texas,Loving,Loving County
G4802190,Texas,Hockley,Hockley County
G4800350,Texas,Bosque,Bosque County
G4801750,Texas,Goliad,Goliad County
G4802650,Texas,Kerr,Kerr County
G4800670,Texas,Cass,Cass County
G4801570,Texas,Fort Bend,Fort Bend County
G4800970,Texas,Cooke,Cooke County
G4803330,Texas,Mills,Mills County
G4804870,Texas,Wilbarger,Wilbarger County
G4802350,Texas,Irion,Irion County
G4804110,Texas,San Saba,San Saba County
G4802470,Texas,Jim Hogg,Jim Hogg County
G4800550,Texas,Caldwell,Caldwell County
G4801090,Texas,Culberson,Culberson County
G4800070,Texas,Aransas,Aransas County
G4801210,Texas,Denton,Denton County
G4803810,Texas,Randall,Randall County
G4804590,Texas,Upshur,Upshur County
G4802670,Texas,Kimble,Kimble County
G4800950,Texas,Concho,Concho County
G4802210,Texas,Hood,Hood County
G4802750,Texas,Knox,Knox County
G4800730,Texas,Cherokee,Cherokee County
G4804930,Texas,Wilson,Wilson County
G4803530,Texas,Nolan,Nolan County
G4803730,Texas,Polk,Polk County
G4801010,Texas,Cottle,Cottle County
G4804070,Texas,San Jacinto,San Jacinto County
G4803950,Texas,Robertson,Robertson County
G4803970,Texas,Rockwall,Rockwall County
G4803450,Texas,Motley,Motley County
G4802970,Texas,Live Oak,Live Oak County
G4804210,Texas,Sherman,Sherman County
G4803570,Texas,Ochiltree,Ochiltree County
G4800910,Texas,Comal,Comal County
G4800570,Texas,Calhoun,Calhoun County
G0800710,Colorado,Las Animas,Las Animas County
G0800430,Colorado,Fremont,Fremont County
G0800690,Colorado,Larimer,Larimer County
G0800210,Colorado,Conejos,Conejos County
G0800510,Colorado,Gunnison,Gunnison County
G0800370,Colorado,Eagle,Eagle County
G0800890,Colorado,Otero,Otero County
G0800170,Colorado,Cheyenne,Cheyenne County
G0800250,Colorado,Crowley,Crowley County
G0800670,Colorado,La Plata,La Plata County
G0800110,Colorado,Bent,Bent County
G0800010,Colorado,Adams,Adams County
G0800270,Colorado,Custer,Custer County
G0800970,Colorado,Pitkin,Pitkin County
G0800390,Colorado,Elbert,Elbert County
G0801250,Colorado,Yuma,Yuma County
G0800290,Colorado,Delta,Delta County
G0800650,Colorado,Lake,Lake County
G0800450,Colorado,Garfield,Garfield County
G0800990,Colorado,Prowers,Prowers County
G0800870,Colorado,Morgan,Morgan County
G0801170,Colorado,Summit,Summit County
G0800230,Colorado,Costilla,Costilla County
G0800790,Colorado,Mineral,Mineral County
G0800730,Colorado,Lincoln,Lincoln County
G0801150,Colorado,Sedgwick,Sedgwick County
G0801030,Colorado,Rio Blanco,Rio Blanco County
G0800030,Colorado,Alamosa,Alamosa County
G0800830,Colorado,Montezuma,Montezuma County
G0800590,Colorado,Jefferson,Jefferson County
G0801130,Colorado,San Miguel,San Miguel County
G0800950,Colorado,Phillips,Phillips County
G0800910,Colorado,Ouray,Ouray County
G0800770,Colorado,Mesa,Mesa County
G0800350,Colorado,Douglas,Douglas County
G0801090,Colorado,Saguache,Saguache County
G0801050,Colorado,Rio Grande,Rio Grande County
G0801010,Colorado,Pueblo,Pueblo County
G0800630,Colorado,Kit Carson,Kit Carson County
G0800330,Colorado,Dolores,Dolores County
G0800090,Colorado,Baca,Baca County
G0800750,Colorado,Logan,Logan County
G0800810,Colorado,Moffat,Moffat County
G0801190,Colorado,Teller,Teller County
G0800190,Colorado,Clear Creek,Clear Creek County
G0800610,Colorado,Kiowa,Kiowa County
G0800130,Colorado,Boulder,Boulder County
G0800530,Colorado,Hinsdale,Hinsdale County
G0800490,Colorado,Grand,Grand County
G0800150,Colorado,Chaffee,Chaffee County
G0800570,Colorado,Jackson,Jackson County
G0801230,Colorado,Weld,Weld County
G0800850,Colorado,Montrose,Montrose County
G0801110,Colorado,San Juan,San Juan County
G0800140,Colorado,Broomfield,Broomfield County
G0801210,Colorado,Washington,Washington County
G0800070,Colorado,Archuleta,Archuleta County
G0800470,Colorado,Gilpin,Gilpin County
G0801070,Colorado,Routt,Routt County
G0800310,Colorado,Denver,Denver County
G0800930,Colorado,Park,Park County
G0800410,Colorado,El Paso,El Paso County
G0800050,Colorado,Arapahoe,Arapahoe County
G0800550,Colorado,Huerfano,Huerfano County
